{"type": "BTree", "build time": 2.801504135131836, "search time": 1.1240313053131104e-05, "average error": 0.0, "store size": 13538959}