{"type": "NN", "build time": 30.623462677001953, "search time": 4.826153516769409e-05, "average error": 0.39325039999999534, "store size": 879}